title,company,location,link
라인프렌즈 2022년 각 부문 수시,라인프렌즈,서울 용산구,https://kr.indeed.com/채용보기?jk=1015284880e2ff62
"Student Researcher Intern, 2022",Google,서울,https://kr.indeed.com/채용보기?jk=6dd48f3771d01215
한국필립모리스 2022년 상반기 수시,한국필립모리스㈜,서울 영등포구,https://kr.indeed.com/채용보기?jk=44e9ac7f0f94e784
각 부문별,십일번가,서울 중구,https://kr.indeed.com/채용보기?jk=b773011b209ae03b
한국전자금융 상반기 각 부문 신입/경력 직원,한국전자금융,서울,https://kr.indeed.com/채용보기?jk=462ea9adf9404994
한국거래소 2022년도 경력직원,한국거래소,서울 영등포구,https://kr.indeed.com/채용보기?jk=6a7446eb57ad8e77
각 부문별,네이버제트,성남 분당구,https://kr.indeed.com/채용보기?jk=ca86fbbb2d63efd3
각 부문별,KB데이타시스템,서울 마포구,https://kr.indeed.com/채용보기?jk=42a2aede5f0d0880
HR 데이터 분석 및 지원,에스케이텔레콤,서울 중구,https://kr.indeed.com/채용보기?jk=a9e9d2ea29d477e6
AI 분석가,신한에이아이,서울 영등포구,https://kr.indeed.com/채용보기?jk=c5de9d2e35d053e0
[교보생명보험] FY2022 상반기 신입사원,교보생명보험,서울 종로구,https://kr.indeed.com/채용보기?jk=1ba5640cc3440136
각 부문별,직방,서울 종로구,https://kr.indeed.com/채용보기?jk=89fab436b9d0fd20
"서버엔진 개발자 정규직 직원 ( C++, Python )",하몬소프트,서울 금천구,https://kr.indeed.com/채용보기?jk=0b15c7881ef76f10
LG이노텍,무관,서울 강서구+1 지역,https://kr.indeed.com/채용보기?jk=24296340b7787e6a
2022년 상반기 정보보안 엔지니어 - 취약점파트,인섹시큐리티,서울 금천구,https://kr.indeed.com/채용보기?jk=de9aae65abb169a8
침해사고대응 담당자 영입,카카오페이,성남 분당구,https://kr.indeed.com/채용보기?jk=95989d1216966de1
전문연구요원 (병역특례) 수시 (AI / HW 분야),딥엑스,성남 분당구,https://kr.indeed.com/채용보기?jk=78e99625e5de3c95
[카카오커머스] 기술직군,카카오커머스,성남 분당구,https://kr.indeed.com/채용보기?jk=2b9e604e63e7e46d
음성인식 서버 개발 및 운영 전문가,에스케이텔레콤,서울 종로구,https://kr.indeed.com/채용보기?jk=3fdf9fa3ba6f6780
LG CNS,경력,서울,https://kr.indeed.com/채용보기?jk=6d86e9f32d31c84f
LG전자,경력,서울 서초구,https://kr.indeed.com/채용보기?jk=b5cdce28972b321e
Diploma Student / Intern_Software Engineer_Korea,SAP,서울,https://kr.indeed.com/채용보기?jk=aa501a963588115d
협업도구 및 코드관리도구 운영담당자 영입,카카오페이,성남 분당구,https://kr.indeed.com/채용보기?jk=56336e1593f93f5c
컴퓨터 비전 관련 AI 솔루션 개발,원모어시큐리티,세종특별자치시 세종,https://kr.indeed.com/채용보기?jk=9946e81f1cce846c
업계 최고 대우로 파이썬(Python) 개발자,쿼드마이너,서울 강남구,https://kr.indeed.com/채용보기?jk=fd736b3d390a2112
ML Engineer (토스뱅크),비바리퍼블리카,서울 강남구,https://kr.indeed.com/채용보기?jk=409e704f526c34c4
2022년 자동화제어 실무자 과정 교육생,한국자동차연구원,충청남도,https://kr.indeed.com/채용보기?jk=da6a0ddcccd63af5
(인천 송도) 인공지능(AI)분야 Python 개발 인력,애나,인천 연수구,https://kr.indeed.com/채용보기?jk=b6a035d43f41e23b
JR0186078 AI Research Engineer Intern,인텔코리아,서울,https://kr.indeed.com/채용보기?jk=016de9bb83a8032d
기술 인턴 인공지능 응용 연구/개발 인턴,써로마인드로보틱스,서울 관악구,https://kr.indeed.com/채용보기?jk=71c47ac87bb4087e
각 부문별,드림어스컴퍼니,서울 서초구,https://kr.indeed.com/채용보기?jk=89da943e9a11af36
"Associate Software Engineer, gReach Program for Veterans (보훈...",Google,서울,https://kr.indeed.com/채용보기?jk=3cb296611de5bf81
[NHN] 인사운영,NHN] [NHN,성남 판교역,https://kr.indeed.com/채용보기?jk=a27cd33cb789697d
"AI: 데이터분석 통한 예측모델링, 알고리즘, 개인화 추천 전문가 (과장/대리급), TOP금융그룹 투자",코어포인트,서울 영등포구,https://kr.indeed.com/채용보기?jk=991da2bb21fb9710
[전문연구요원] 반도체IP SW 개발자,칩스앤미디어,서울 강남구,https://kr.indeed.com/채용보기?jk=6c747a14b86bc843
Software Engineer,Google,서울,https://kr.indeed.com/채용보기?jk=e7c8c2b11f24fb43
"Associate Software Engineer, gReach Program for Veterans",구글코리아,서울 강남구,https://kr.indeed.com/채용보기?jk=dd69ed810f224dfb
[현대무벡스] 경력사원 상시,현대무벡스,서울 종로구,https://kr.indeed.com/채용보기?jk=835324335bc1c7da
딥엑스 NPU SDK (DXNN) 개발 엔지니어,딥엑스,성남 분당구,https://kr.indeed.com/채용보기?jk=8e91aa6c93de1790
"AI개발자(NLP, CV) (일6시간, 주5일)",웨인힐스벤처스,서울 강서구,https://kr.indeed.com/채용보기?jk=841627a929eda65e
2022년 미국 카네기멜론 대학교 AI 집중 교육프로그램 파견 교육생,정보통신기획평가원,서울,https://kr.indeed.com/채용보기?jk=1eae997b387cb491
"AI연구원(NLP, CV) (일6시간, 주5일)",웨인힐스벤처스,서울 강서구,https://kr.indeed.com/채용보기?jk=1826a21949fcd32b
딥러닝 AI 개발 연구원,베이리스,성남 수정구,https://kr.indeed.com/채용보기?jk=87309d3ff40ead61
Software Engineer - Python and K8s,Canonical - Jobs,서울,https://kr.indeed.com/채용보기?jk=9e154b5b00d09b31
Cloud 침해대응 담당자 영입,카카오페이증권,성남 분당구,https://kr.indeed.com/채용보기?jk=7a4d36bc7f3f95f2
DBA (토스신용데이터),비바리퍼블리카,서울 강남구,https://kr.indeed.com/채용보기?jk=ae38203dfb411f0d
[취업연계 무료교육] 스마트 안전진단 비파괴검사 전문가 양성 과정 교육생,한국산업기술협회,서울,https://kr.indeed.com/채용보기?jk=81e6c1f49d48d393
2022년 4월 롯데멤버스 신입사원 일반전형,롯데멤버스,서울 중구,https://kr.indeed.com/채용보기?jk=d5b3958637d1f0a6
[신용리스크모델링] 개인/개인사업자 신용평가모형 개발 및 운영 담당자,한국카카오은행,성남 분당구,https://kr.indeed.com/채용보기?jk=1aaf77e69d97391e
[HYBE] 데이터분석,하이브,서울 용산구,https://kr.indeed.com/채용보기?jk=444cf80dd61163ec
상점 계약 운영기획 담당자,메쉬코리아,서울 강남구,https://kr.indeed.com/채용보기?jk=4409541acefbf14a
[INEEJI]예측/최적화 서비스 AI 엔지니어/프론트엔드 개발자,인이지,성남 수정구,https://kr.indeed.com/채용보기?jk=3e33fb90418e675a
11번가 데이터 엔지니어 분야,십일번가,서울 중구,https://kr.indeed.com/채용보기?jk=729b0553c40bd4c8
AI Scientist (NL Reasoning),MIND AI,서울 중구,https://kr.indeed.com/채용보기?jk=39d930f25b6d9e8e
Quantitative Research Intern,WorldQuant,서울,https://kr.indeed.com/채용보기?jk=4a0a7b36dbc554f9
응용소프트웨어 개발자(PYTHON) (신입/경력),몽태랑인터내셔날,경기도 하남,https://kr.indeed.com/채용보기?jk=5e24e8a474ef5f96
[kt ds] 2022년 각 부문별 경력사원 수시,케이티디에스,서울 서초구,https://kr.indeed.com/채용보기?jk=b515669e8032265b
센서 AI 인지 S/W 연구 / 개발,에스유엠,경기도 시흥,https://kr.indeed.com/채용보기?jk=aa7170f643fe7037
데이터 분석가 영입,카카오페이,성남 분당구,https://kr.indeed.com/채용보기?jk=33f29d1ff4204d02
LG유플러스,무관,서울,https://kr.indeed.com/채용보기?jk=abdc136f65ceddd4
소프트웨어 프로그래머 경력/신입,코드원,고양 덕양구,https://kr.indeed.com/채용보기?jk=dfe2c04a8a4bc0c1
국가관세종합정보망운영연합회 상반기 신입(공채1기),재단법인 국가관세종합정보망운영연합회,서울 종로구,https://kr.indeed.com/채용보기?jk=2fee2c7a6bc4e321
삼성 청년 SW 아카데미 8기,삼성 청년 SW 아카데미,서울 강남구,https://kr.indeed.com/채용보기?jk=b218093a44af3aea
[신입] 온라인사업총괄 Data Scientist,LF(구 LG패션),서울 강남구,https://kr.indeed.com/채용보기?jk=9174980112a3a159
"S/W 엔지니어, 데이터분석 신입/경력 정규직, 인턴",가치랩스,성남 분당구,https://kr.indeed.com/채용보기?jk=5ea9ea023c6ccc03
ML Modeler,비바리퍼블리카,서울 강남구,https://kr.indeed.com/채용보기?jk=46620da0e36aa151
인공지능(AI) 모델링 분야 정규직 부문 신입,보이스프린트,서울 성동구,https://kr.indeed.com/채용보기?jk=926503c8793584ef
"S/W개발자, H/W개발자, 기구설계 전문가",뉴로직,서울 강서구,https://kr.indeed.com/채용보기?jk=b40a09bb26c18930
[LX세미콘] R&D 연계형 석사 신입 인턴십 수시,엘엑스세미콘,대전 유성구,https://kr.indeed.com/채용보기?jk=a4469e90a52ee571
2022년 디알텍(주) 신입/경력,디알텍,성남 중원구,https://kr.indeed.com/채용보기?jk=7b11ea3e872bda6d
[고객서비스] 데이터 분석 및 예측모형 개발 담당자,한국카카오은행,성남 분당구,https://kr.indeed.com/채용보기?jk=fb144d2f495e2b79
Game Data Analyst (FPS),오피지지,서울 강남구,https://kr.indeed.com/채용보기?jk=d2e02683e82fab25
"[리얼클래스]백엔드 개발자 (Backend Developer, Python)",퀄슨,서울 강남구,https://kr.indeed.com/채용보기?jk=c2d17e5250562256
"자율 주행, 로봇 SW 개발자",에바,성남 수정구,https://kr.indeed.com/채용보기?jk=e30fe92d72ceb17c
UX Researcher (정량/포트폴리오 없는 전형),비바리퍼블리카,서울 강남구,https://kr.indeed.com/채용보기?jk=f0295a73e3209a51
추천시스템 엔지니어 영입,카카오페이,성남 분당구,https://kr.indeed.com/채용보기?jk=c75efe397d8669bc
Python Developer (Internal Product),비바리퍼블리카,서울 강남구,https://kr.indeed.com/채용보기?jk=c644297bec5d6c70
[TmaxEdu/R&D] 연구 개발자,티맥스소프트,성남 분당구,https://kr.indeed.com/채용보기?jk=f72425d46ff94788
Python Programmer,Mofac,서울 서초구,https://kr.indeed.com/채용보기?jk=df21e3bb5d773616
GUI 시스템 개발,BM PHR,서울 송파구,https://kr.indeed.com/채용보기?jk=681608bebd3b74e8
데이터 사이언티스트(Data Scientist) 영입,카카오페이,성남 분당구,https://kr.indeed.com/채용보기?jk=80c449eb2d596bf2
"2022년 상반기 주식회사 쏘마 전 개발 직군 (백엔드, 프론트엔드 외 신입/경력 정규직)",쏘마,성남 분당구,https://kr.indeed.com/채용보기?jk=13ef6f86810c0843
Modelling & Simulation (M&S) Software Engineer,BOEING,서울,https://kr.indeed.com/채용보기?jk=e990d9ecc91ca7a7
Software Developer & Verification,Ericsson,서울,https://kr.indeed.com/채용보기?jk=157575bbd6bb9ecf
"Mondrian AI개발자 (Web, 프론트엔드, 백엔드)",몬드리안에이아이,인천 연수구,https://kr.indeed.com/채용보기?jk=371a62fc01c63519
"Camera Supplier Quality Engineer,",Apple,서울,https://kr.indeed.com/채용보기?jk=89e5a2771024b082
LG에너지솔루션,경력,서울+2 지역,https://kr.indeed.com/채용보기?jk=bf6c911b3de48e61
소프트웨어 CTO포지션 [상장예정 스마트 테마파크 스타트업],상장예정 스마트 테마파크 스타트업,서울,https://kr.indeed.com/채용보기?jk=069c41d49e087edb
[전문연구요원] 의료영상 리서치 엔지니어 정규직,메디픽셀,서울 마포구,https://kr.indeed.com/채용보기?jk=3544467a7b64376f
빅데이터 플랫폼 및 데이터 파이프라인 구축 인력 (2분야),지에스아이티엠,서울 종로구,https://kr.indeed.com/채용보기?jk=d430486b959b2ddb
[전문연구요원] 반도체IP HW 개발자,칩스앤미디어,서울 강남구,https://kr.indeed.com/채용보기?jk=7b3cf0996fb853ba
[TmaxFinTech/R&D] AI & FinTech 프론트엔드 개발자,티맥스소프트,성남 분당구,https://kr.indeed.com/채용보기?jk=b4fee6d2c43e0937
[NAVER Z] 데이터 엔지니어,네이버제트,성남 분당구,https://kr.indeed.com/채용보기?jk=50028daa2c74bdc3
[마비노기모바일] 연구 개발 프로그래머,데브캣,서울 강남구,https://kr.indeed.com/채용보기?jk=f0c7c08485085240
Data Scientist (토스신용데이터),비바리퍼블리카,서울 강남구,https://kr.indeed.com/채용보기?jk=f1751259fa682ac4
전문연구요원 (병역특례) 수시 (AI / SW 분야),딥엑스,성남 분당구,https://kr.indeed.com/채용보기?jk=d83fc0dd2641f483
코딩에 빠진 수퍼 개발자 (펌웨어 개발),에바,성남 수정구,https://kr.indeed.com/채용보기?jk=f54bac6c78fd3240
[계약직] 모바일 게임 운영 및 컨텐츠 담당자 모집,엔씨소프트,성남 판교역,https://kr.indeed.com/채용보기?jk=c9423f20619b2f60
IT 솔루션 대기업 기술 연구소 다수,에이랩,성남 분당구,https://kr.indeed.com/채용보기?jk=7dc71e20f9c9440b
2022년 새일직업교육훈련 교육생,용산여성인력개발센터,서울 용산구,https://kr.indeed.com/채용보기?jk=fbed10c0a508a8b7
[네이버파이낸셜] FDS 데이터분석 담당자,네이버,서울,https://kr.indeed.com/채용보기?jk=86094f443b7e1dfa
2022년 AI / RPA 개발 및 운영 경력직,에이케이아이에스,서울 마포구,https://kr.indeed.com/채용보기?jk=4ed9f72e00be9472
11번가 데이터 아키텍처 분야,십일번가,서울 중구,https://kr.indeed.com/채용보기?jk=704dd48d91ce3dbe
[TmaxAI/R&D] NLP/음성 부문 AI모델 개발자,티맥스소프트,성남 분당구,https://kr.indeed.com/채용보기?jk=84f2675d46b292b7
"[TmaxMetaverse/R&D] 게임 엔진, 게임 서버, 메타버스 스튜디오, Vision AI 엔진 개발...",티맥스소프트,성남 분당구,https://kr.indeed.com/채용보기?jk=a014a096ee91843e
클라우드기반 스마트융합보안 신입사원 연계 양성과정 SK쉴더스 루키즈 8기,에스케이쉴더스,서울,https://kr.indeed.com/채용보기?jk=f01cc31136a07e7b
AI 딥러닝 및 데이터분석 개발자 (신입),메가존,서울 강남구,https://kr.indeed.com/채용보기?jk=ad81dea73f1fb3d5
2022년 RIST 위촉직 연구원 수시,포항산업과학연구원,포항 남구,https://kr.indeed.com/채용보기?jk=5068ea0cd85ca352
(주)코스메카코리아 2022년 신입/경력,코스메카코리아,충청북도 음성,https://kr.indeed.com/채용보기?jk=b6f20f5317087161
"Ai-Leader 2022 신규 (리눅스개발자,윈도우어플리케이션개발자,C/C++영상처리)",에이아이리더,천안 서북구,https://kr.indeed.com/채용보기?jk=a5e4ba65faf2d006
"Software Engineer, Server Platform",Sendbird,서울,https://kr.indeed.com/채용보기?jk=bbbfbb33164df0e3
"데이터베이스개발자, 웹개발 신입/경력 정규직",여의도사람들,서울 영등포구,https://kr.indeed.com/채용보기?jk=e91b5984e7f5d3fd
2022 비플라이소프트 인재,비플라이소프트,서울 광진구,https://kr.indeed.com/채용보기?jk=f70508d3d422add5
(주)네패스 인공지능연구소 전문연구요원,네패스,서울 서초구,https://kr.indeed.com/채용보기?jk=4dc08716acc80588
LG이노텍,경력,경기도 파주,https://kr.indeed.com/채용보기?jk=8493efffb99ada2f
개발품질보증,고영테크놀러지,용인 수지구,https://kr.indeed.com/채용보기?jk=f6065479065ff1ad
Cloud Solution Architect,Microsoft,서울,https://kr.indeed.com/채용보기?jk=79f818e5bb2b847b
[Beluga] 음성 (TTS/STT) 딥러닝 엔지니어 (경력 무관),크래프톤,서울 강남구,https://kr.indeed.com/채용보기?jk=894af7a6dfdbaca6
하드웨어 및 펌웨어 개발자,토페스,경기도 남양주,https://kr.indeed.com/채용보기?jk=e44ea0fe92716037
[실내배송로봇 연구개발] - Robotics Software Engineer,로보티즈,서울 강서구,https://kr.indeed.com/채용보기?jk=4a3d80c0677225a6
소프트웨어개발 경력무관 (정규직),보다텍,서울 성동구,https://kr.indeed.com/채용보기?jk=316ac12533b5c779
Datacenter Engineer (chuncheon),Oracle,서울,https://kr.indeed.com/채용보기?jk=4a3c096c3da9117c
11번가 Machine Learning 및 검색랭킹 개발 분야,십일번가,서울 중구,https://kr.indeed.com/채용보기?jk=a7fd9b95e3e70a82
클라우드(플랫폼 구축/개발/데이터수집연계),KB데이타시스템,서울 마포구,https://kr.indeed.com/채용보기?jk=21f6f6ad0d0e6a83
IC 설계자동화(EDA) 아날로그/혼성신호 모델 개발자 (신입/경력),사이언티픽아날로그랩스,서울 서초구,https://kr.indeed.com/채용보기?jk=d8410be983f8b445
[클라우드플랫폼실] System Engineering팀 클라우드 엔지니어,야놀자,서울 강남구,https://kr.indeed.com/채용보기?jk=4ae5eb5bb613a826
Data Engineer - Procurement,Edwards Korea Ltd,충청남도 천안,https://kr.indeed.com/채용보기?jk=6395052651971939
"[대기업] 클라우드/IoT 플랫폼, 솔루션 개발",비에이블컨설팅그룹,서울,https://kr.indeed.com/채용보기?jk=b0f1d31181a03aed
Machine Learning R&D 연구원,카이어,서울 서초구,https://kr.indeed.com/채용보기?jk=19da3484bd7a72f1
[AI/LAB] 머신러닝 리서치 엔지니어 (전문연구요원 가능),버즈니,서울,https://kr.indeed.com/채용보기?jk=bd7907d1248e436d
디지털 미디어 매니저(퍼포먼스&브랜딩) 신입/경력,스스스스,서울 서초구,https://kr.indeed.com/채용보기?jk=4d6fa0f1b9726d7c
Deep Learning Researcher - Speech Recognition,Qcom,서울,https://kr.indeed.com/채용보기?jk=2147a31549edc7eb
데이터 사이언티스트,컬리,서울 강남구,https://kr.indeed.com/채용보기?jk=0eede360fabce266
Data Scientist,비바리퍼블리카,서울 강남구,https://kr.indeed.com/채용보기?jk=9161206c224ea800
위시켓과 함께할 서버개발자님,위시켓,서울 강남구,https://kr.indeed.com/채용보기?jk=a3a65a4d59061430
Developer / Designer recruit,마이뮤직테이스트,서울 논현동,https://kr.indeed.com/채용보기?jk=55a19c92c845685e
Web/App 소프트웨어 엔지니어 신입 정규직,한국시스템보증,서울 강남구,https://kr.indeed.com/채용보기?jk=34fd03bb4f4a93c4
"[대기업] 딥러닝 (AI, 영상인식) 전문가 (석박사급)",비에이블컨설팅그룹,서울,https://kr.indeed.com/채용보기?jk=3e6fbad0b2a88c48
인공지능(AI) 챗봇 개발 PM,스피링크,서울,https://kr.indeed.com/채용보기?jk=b7f8d9bcd3ba2574
데이터 사이언티스트,Bagelcode,서울,https://kr.indeed.com/채용보기?jk=19beeb5c7f50c5b4
[IT기업][일양약품자회사] SQLD/ORACLE/PYTHON 담당(신입·경력),칸테크,서울 금천구,https://kr.indeed.com/채용보기?jk=ced55e1b9ac9e9aa
Machine Learning Engineer Eng,뤼이드,서울 강남구,https://kr.indeed.com/채용보기?jk=16d665f6b88f6ea0
8퍼센트 경력 개발자,8퍼센트,서울 종로구,https://kr.indeed.com/채용보기?jk=464ef95516a5fa5c
"JAVA, Python, R, C, C++ 외 신입/경력 개발자 정규직",이지서티,서울 강남구,https://kr.indeed.com/채용보기?jk=d24c859a399ee56e
[신입/경력] 의료영상/음성인식/생체신호 연구원,뷰노코리아,서울 서초구,https://kr.indeed.com/채용보기?jk=c35e9b72a11aa338
PM/PL & 데이터분석가 정규직,데이터누리,서울 강서구,https://kr.indeed.com/채용보기?jk=33cd1af81631e0bf
클라우드 (플랫폼 운영),KB데이타시스템,서울 마포구,https://kr.indeed.com/채용보기?jk=bdd12e97801d78ca
"KLleon R&D기술팀(전문연, 정규직)",클레온,서울 성동구,https://kr.indeed.com/채용보기?jk=6dbc421797327c3c
[취업연계/전액무료] UX/UI 웹디자인 과정 교육생 추가 (서울시 뉴딜 일자리 사업),한국경영혁신중소기업협회,서울 강남구,https://kr.indeed.com/채용보기?jk=238a77e855a75202
[KSTEC] 통계 및 Business Analytics 신입 및 경력사원,지식시스템,성남 분당구,https://kr.indeed.com/채용보기?jk=0776d9aa07c7c05d
[NHN COMMERCE] 데이터 엔지니어,엔에이치엔커머스,서울 구로구,https://kr.indeed.com/채용보기?jk=a3a8432e4ea8618d
"PHP, Python 신입/경력 정규직",비즈부스터,서울 금천구,https://kr.indeed.com/채용보기?jk=14d562d10c215572
데이터 사이언티스트,베이글코드,서울 강남구,https://kr.indeed.com/채용보기?jk=e7e443b717af3b6c
IT부문 신입 및 경력,하나펀드서비스,서울 중구,https://kr.indeed.com/채용보기?jk=20f908cde17e1606
[FashionGo korea] 추천 통계 분석 및 모델 연구 개발,NHN FashionGo korea] [FashionGo korea,성남 판교역,https://kr.indeed.com/채용보기?jk=e13c32ba4eff23da
웹 크롤러 전문가,에스케이텔레콤,서울 중구,https://kr.indeed.com/채용보기?jk=caaf48261cc4c515
[전문연구요원 신규편입/전직] 의료영상/음성인식/생체신호 연구원,뷰노코리아,서울 서초구,https://kr.indeed.com/채용보기?jk=40de6a4b81f8724f
Data Engineer 신입사원,플리토,서울 강남구,https://kr.indeed.com/채용보기?jk=5ab0b45dfa93411b
SW 분야 상시 채용,한화그룹,서울,https://kr.indeed.com/채용보기?jk=ff65b0301d703f24
Vocational Training Program Intern (Developer/Researcher Rol...,SAP,서울,https://kr.indeed.com/채용보기?jk=77a90f2adf5c638d
Software Engineer,UJET,서울,https://kr.indeed.com/채용보기?jk=30e17a7d8ce9d4d4
2022년 [이공계] IoT 센서 활용 플랫폼 구축 위한 임베디드 SW개발자 과정 교육생,한컴아카데미,서울 영등포구,https://kr.indeed.com/채용보기?jk=58a2acc48f9dc16e
게임데이터 분석 및 지표 개발자 모집,엔씨소프트,성남 판교역,https://kr.indeed.com/채용보기?jk=2cf7a508e0db24a2
Sustaining Operations Engineer,Canonical - Jobs,서울,https://kr.indeed.com/채용보기?jk=52221b8cc7b6c040
AI 모빌리티 서비스의 미래 함께 열어갈 우수한 인재 찾습니다.,라온로드,성남 분당구,https://kr.indeed.com/채용보기?jk=5133adebeb209d23
Business Intelligence Strategist,뤼이드,서울 강남구,https://kr.indeed.com/채용보기?jk=e3bb1af4853122a1
"비전인식, 머신러닝 외 신입/경력 정규직",에이아이딥,서울 강남구,https://kr.indeed.com/채용보기?jk=1a3b7b7fc807a02e
Cymer Software Engineer,에이에스엠엘코리아,경기도 화성,https://kr.indeed.com/채용보기?jk=184fa47c7396fddf
지투알,경력,서울,https://kr.indeed.com/채용보기?jk=dc1112acd3f69893
국제경제/원자재 시장분석 애널리스트,코리아피디에스,서울 마포구,https://kr.indeed.com/채용보기?jk=ddb4285e5876ab62
Systems Engineer - Korea (1 year Contract),Fortinet,서울,https://kr.indeed.com/채용보기?jk=fe328d4d65e78fd6
초거대 언어 모델링 전문가,에스케이텔레콤,서울 종로구,https://kr.indeed.com/채용보기?jk=cb8d51bd847936b7
[진행중] MyData사업부 전문직(데이터 사이언티스트) 채용공고,우리은행,서울 회현동,https://kr.indeed.com/채용보기?jk=baccf605b98d78d1
[인재풀] 아티스트 ART,Electronic Arts,서울,https://kr.indeed.com/채용보기?jk=aac8e9355cb855ac
Web Front-end 개발자,코그넷나인,서울 서초구,https://kr.indeed.com/채용보기?jk=6141229c69b83068
소프트웨어 엔지니어,신한에이아이,서울 영등포구,https://kr.indeed.com/채용보기?jk=8d64f7e939d83390
파이썬SW 금융분야 특화 챗봇 개발 함께 할 엔지니어,파운트,서울 충정로역,https://kr.indeed.com/채용보기?jk=ffd9cedb23e97344
"Staff, Data Analyst (ROD)",Coupang,서울,https://kr.indeed.com/채용보기?jk=050e9ec2f8975950
[NAVER Cloud] MLOps 서비스 개발,네이버클라우드,성남 분당구,https://kr.indeed.com/채용보기?jk=17c50785be44d4af
추천/ML SaaS 플랫폼 개발을 위한 MLOps 엔지니어,카카오,성남 판교역,https://kr.indeed.com/채용보기?jk=eab9162310d691f8
ML Platform & HPC Engineer,에스케이텔레콤,서울 종로구,https://kr.indeed.com/채용보기?jk=d3934749da1497b8
DBA,비바리퍼블리카,서울 강남구,https://kr.indeed.com/채용보기?jk=676526b46d05f0b5
[2022 전문연구요원] AI R&D - Language AI,엔씨소프트,성남 판교역,https://kr.indeed.com/채용보기?jk=192c20f6f0f64ab3
[부산/울산/경남] 온라인 코딩 교육생,에이블런,부산,https://kr.indeed.com/채용보기?jk=42031983d8ee70f8
"Charging Operations Specialist, APAC Charging (English Speak...",Tesla,서울 강남구,https://kr.indeed.com/채용보기?jk=a91e307a449bbf1f
카카오 데이터의 가치를 발굴할 데이터 분석가 모집,카카오,성남 판교역,https://kr.indeed.com/채용보기?jk=2b2dcd3ffe3d53df
데이터 전문가(모델러/분석가/엔지니어) 모집,카카오,성남 판교역,https://kr.indeed.com/채용보기?jk=ac9068957c550cb3
[데이터실] (경력/신입) 카카오 데이터실 Data Scientist / Data Engineer 모집,카카오,성남 판교역,https://kr.indeed.com/채용보기?jk=286fb10394b17d67
Data Scientist,Boston Consulting Group,서울,https://kr.indeed.com/채용보기?jk=ccd4f5407a32ba6a
지식 콘텐츠 전문 기업 (매출 120억) 웹개발자 경력,인파트너스,서울,https://kr.indeed.com/채용보기?jk=794f017efe4ad3d1
Solana Dapp Developer,MIND AI,서울,https://kr.indeed.com/채용보기?jk=72c3de496b865cfb
퍼즐데이터 역량있는 데이터 분석가,주식회사퍼즐데이터,서울 역삼동,https://kr.indeed.com/채용보기?jk=116009dbf59211ed
D&O,경력,서울 강서구,https://kr.indeed.com/채용보기?jk=5e42c515fbc3a8a0
암호화폐 퀀트 트레이더 경력직,블록워터테크놀로지스,서울 서초구,https://kr.indeed.com/채용보기?jk=fda44ea842541974
Quantitative Researcher,WorldQuant,서울,https://kr.indeed.com/채용보기?jk=aa20b37148768ec5
[외국계 스타트업 미소] Data Analyst,유한회사 미소,서울,https://kr.indeed.com/채용보기?jk=ec5c7ccd76639120
Product Development Team Researcher,Umicore,충청남도 천안,https://kr.indeed.com/채용보기?jk=ff3183c693a65d11
SW Test Engineer(신입/경력),칩스앤미디어,서울 강남구,https://kr.indeed.com/채용보기?jk=1d02206f5e367339
[경력직] 소프트웨어 개발 정규직 경력,이지서티,서울 강남구,https://kr.indeed.com/채용보기?jk=762394bb092c0296
기술 문서 작성 전문가,딥엑스,성남 분당구,https://kr.indeed.com/채용보기?jk=44f52ea73a6d25da
Administrate,"Cloud Computing, Education Technology, SaaS",Edinburgh; Beirut; Bozeman,https://stackoverflow.com/jobs/companies/Administrate
"Arista Networks, Inc","Agile Software Development, Cloud-Based Solutions, Computer Software",Dublin 1,"https://stackoverflow.com/jobs/companies/Arista Networks, Inc"
ImFusion GmbH,"Computer Vision, Image Guided Surgery, Medical Imaging",München,https://stackoverflow.com/jobs/companies/ImFusion GmbH
Tausight,"Cybersecurity, Healthcare",United States,https://stackoverflow.com/jobs/companies/Tausight
"Cipher Tech Solutions, Inc",Computer Software,Elkridge; Linthicum Heights; Vienna,"https://stackoverflow.com/jobs/companies/Cipher Tech Solutions, Inc"
Amaris.AI,"Artificial Intelligence, Consulting, Cybersecurity",Singapore,https://stackoverflow.com/jobs/companies/Amaris.AI
VEACT GmbH,"Automotive, SaaS",München,https://stackoverflow.com/jobs/companies/VEACT GmbH
Ziegert EverEstate GmbH,Real Estate,Berlin,https://stackoverflow.com/jobs/companies/Ziegert EverEstate GmbH
eyeo GmbH,"Mobile, Product Development, Web Development",Köln; Berlin; Malmö,https://stackoverflow.com/jobs/companies/eyeo GmbH
Chaturbate,"Software Development / Engineering, Video Streaming, Web Development",San Francisco; Los Angeles; Irvine,https://stackoverflow.com/jobs/companies/Chaturbate
Finsera,Financial Technology,San Francisco,https://stackoverflow.com/jobs/companies/Finsera
EDAG Group,"Autonomous Driving, Energy Storage, Software Development / Engineering",Gaimersheim; Wiesbaden; Berlin,https://stackoverflow.com/jobs/companies/EDAG Group
VISPIRON CHARGE-V GmbH,"Charging, Solar",München,https://stackoverflow.com/jobs/companies/VISPIRON CHARGE-V GmbH
Night Market,"Advertising Technology, Data & Analytics, Media",New York; Los Angeles; Toronto,https://stackoverflow.com/jobs/companies/Night Market
OMICRON electronics GmbH,"Electronic equipment, Electronics, Software Development / Engineering",Klaus; Salzburg; Berlin,https://stackoverflow.com/jobs/companies/OMICRON electronics GmbH
"Edgestream Partners, L.P.","Computer Software, Financial Services, Software Development",Princeton,"https://stackoverflow.com/jobs/companies/Edgestream Partners, L.P."
team.blue NL B.V.,"Information Technology, Web Hosting",Deventer; Rotterdam; Eindhoven,https://stackoverflow.com/jobs/companies/team.blue NL B.V.
QuantCo,"Data & Analytics, Machine Learning, Software Development / Engineering",Karlsruhe; Berlin,https://stackoverflow.com/jobs/companies/QuantCo
Shopee Singapore Private Limited,"E-Commerce, Information Technology",Singapore,https://stackoverflow.com/jobs/companies/Shopee Singapore Private Limited
BOTS by RevenYOU,"Android, Financial Technology, iOS",Haarlem,https://stackoverflow.com/jobs/companies/BOTS by RevenYOU
SpaceX,"Aerospace, Internet Infrastructure",Hawthorne; Redmond; Brownsville,https://stackoverflow.com/jobs/companies/SpaceX
Karat.com,"Computer Software, Recruiting, Technology Staffing",Seattle,https://stackoverflow.com/jobs/companies/Karat.com
RegioHelden GmbH,"B2B, Content Marketing, Online Media",Stuttgart,https://stackoverflow.com/jobs/companies/RegioHelden GmbH
iptiQ by Swiss Re,"eCommerce, Financial Technology, Insurance",Hong Kong; Sydney; Hoofddorp,https://stackoverflow.com/jobs/companies/iptiQ by Swiss Re
Lightmatter,"Design, Software Consulting, Software Development / Engineering",No office location,https://stackoverflow.com/jobs/companies/Lightmatter
McDonald's Corporation,Restaurant,Chicago,https://stackoverflow.com/jobs/companies/McDonald's Corporation
Stardog Union,"Databases, Enterprise Software, Information Technology",Arlington,https://stackoverflow.com/jobs/companies/Stardog Union
Jewel Paymentech Pte Ltd,"Financial Technology, Information Technology",Singapore,https://stackoverflow.com/jobs/companies/Jewel Paymentech Pte Ltd
Ensign InfoSecurity (Cybersecurity) Pte Ltd,"Cybersecurity, Information Technology",Singapore,https://stackoverflow.com/jobs/companies/Ensign InfoSecurity (Cybersecurity) Pte Ltd
AMBOSS,"Education Technology, Healthcare, Medical",Köln; Berlin; New York,https://stackoverflow.com/jobs/companies/AMBOSS
Azendian Solutions Pte. Ltd.,Data & Analytics,Singapore,https://stackoverflow.com/jobs/companies/Azendian Solutions Pte. Ltd.
MapLarge,"Business Intelligence, Data & Analytics, Developer APIs",Atlanta; London; Arlington,https://stackoverflow.com/jobs/companies/MapLarge
Relay42,"Artificial Intelligence, Digital Marketing, Machine Learning",Amsterdam,https://stackoverflow.com/jobs/companies/Relay42
Coda Payments,"Financial Technology, Mobile Payments",United States; Hong Kong; China,https://stackoverflow.com/jobs/companies/Coda Payments
Creative Assembly,"Computer Games, PC Games",Horsham; Bulgaria,https://stackoverflow.com/jobs/companies/Creative Assembly
WeLab Bank Limited,"Banking, Financial Services, Financial Technology",香港島; Hong Kong,https://stackoverflow.com/jobs/companies/WeLab Bank Limited
Sonova AG,"Embedded, Medical Devices, Software Development / Engineering",Stäfa; Warsaw; Kitchener,https://stackoverflow.com/jobs/companies/Sonova AG
"Sailpoint Technologies, Inc.","Information Technology, IT Security, Network Security",Austin,"https://stackoverflow.com/jobs/companies/Sailpoint Technologies, Inc."
Boehringer Ingelheim,"Healthcare, Pharmaceuticals",Tokyo; Lyon; Ridgefield,https://stackoverflow.com/jobs/companies/Boehringer Ingelheim
atma.io,"Cloud-Based Solutions, Information Technology, SaaS",Graz; Zagreb; Leinfelden-Echterdingen,https://stackoverflow.com/jobs/companies/atma.io
Odoo,"Enterprise, Enterprise Software, Software Development",Ramillies; Auderghem; San Francisco,https://stackoverflow.com/jobs/companies/Odoo
kaliber.ai,"AI Research, Machine Learning",San Francisco,https://stackoverflow.com/jobs/companies/kaliber.ai
Hubs,"3D Printing, Manufacturing, SaaS",Paris; Amsterdam; Chicago,https://stackoverflow.com/jobs/companies/Hubs
ADITION technologies AG,"Adserver, Programmatic Advertising, Video Streaming",München; Berlin; Düsseldorf,https://stackoverflow.com/jobs/companies/ADITION technologies AG
LORENZ Life Sciences Group,"Pharmacy, Software Development / Engineering",Frankfurt am Main,https://stackoverflow.com/jobs/companies/LORENZ Life Sciences Group
LeoVegas Mobile Gaming Group,"Casino, Gaming",Stockholm; Västerås; Växjö,https://stackoverflow.com/jobs/companies/LeoVegas Mobile Gaming Group
AH Technology – Albert Heijn,"Data & Analytics, E-Commerce, Food & Beverage",Zaandam,https://stackoverflow.com/jobs/companies/AH Technology – Albert Heijn
Stylight,"eCommerce, Fashion",München; Philadelphia,https://stackoverflow.com/jobs/companies/Stylight
C2FO,"Financial Technology, Marketplace",Leawood,https://stackoverflow.com/jobs/companies/C2FO
Wizeline,"Computer Software, Enterprise Software",Zapopan; Santiago de Querétaro; Quận 10,https://stackoverflow.com/jobs/companies/Wizeline
social sweethearts® GmbH,"Online Media, Publishing",München; Köln,https://stackoverflow.com/jobs/companies/social sweethearts® GmbH
Relayr,"Industrial Automation, Internet of Things",Berlin; München; Chicago,https://stackoverflow.com/jobs/companies/Relayr
Breuninger GmbH & Co.,"E-Commerce, Information Technology, Retail",Düsseldorf; Stuttgart,https://stackoverflow.com/jobs/companies/Breuninger GmbH & Co.
Everli,Information Technology,Milano; Warsaw; Verona,https://stackoverflow.com/jobs/companies/Everli
H&M Hennes & Mauritz GBC AB,"Agile Software Development, Design, Fashion",Stockholm; New York; Bengaluru,https://stackoverflow.com/jobs/companies/H&M Hennes & Mauritz GBC AB
FINN,"Agile Software Development, Automotive, Mobility",München,https://stackoverflow.com/jobs/companies/FINN
Volume Graphics GmbH,"Agile Software Development, Simulation Software, Software Development",Heidelberg; Singapore; Chaoyang Qu,https://stackoverflow.com/jobs/companies/Volume Graphics GmbH
Avature,"Computer Software, CRM, SaaS",Spain; China; Argentina,https://stackoverflow.com/jobs/companies/Avature
Elinvar GmbH,"Financial Technology, Investment Banking, Platforms",Berlin; Magdeburg,https://stackoverflow.com/jobs/companies/Elinvar GmbH
Western Governors University,"Higher Education, Non-Profit",Salt Lake City; Phoenix; Austin,https://stackoverflow.com/jobs/companies/Western Governors University
onOffice GmbH,"Cloud Computing, CRM-System for real estate industry, Software Development",Aachen,https://stackoverflow.com/jobs/companies/onOffice GmbH
Trusted Shops GmbH,eCommerce,Warszawa; Barcelona; Lille,https://stackoverflow.com/jobs/companies/Trusted Shops GmbH
parcIT GmbH,"Banking, Finance, Software Development",Köln,https://stackoverflow.com/jobs/companies/parcIT GmbH
IMS,"Automotive, Insurance, Software Development",Crewe; Waterloo; Manchester,https://stackoverflow.com/jobs/companies/IMS
AutoTrader,"Automotive, Digital Advertising, Digital Media",Toronto; Montréal,https://stackoverflow.com/jobs/companies/AutoTrader
Personio,"Cloud-Based Solutions, HR Services, Software Development",Madrid; Dublin; Amsterdam,https://stackoverflow.com/jobs/companies/Personio
WBS Gruppe,"Education, eLearning, Online-Coaching",Berlin,https://stackoverflow.com/jobs/companies/WBS Gruppe
solute GmbH,"Agile Software Development, E-Commerce, Internet Marketing",Karlsruhe; Berlin,https://stackoverflow.com/jobs/companies/solute GmbH
MSCI,"Data & Analytics, Financial Services, Financial Technology",Mumbai; Makati; Norman,https://stackoverflow.com/jobs/companies/MSCI
"Betterup, Inc.","Corporate Training, Online-Coaching, SaaS",Austin,"https://stackoverflow.com/jobs/companies/Betterup, Inc."
"Wikimedia Foundation, Inc.","Education Technology, eLearning, Non-Profit",San Francisco,"https://stackoverflow.com/jobs/companies/Wikimedia Foundation, Inc."
CARIAD,"Agile Software Development, Autonomous Driving, Computer Vision",Nürnberg; Wolfsburg; Mönsheim,https://stackoverflow.com/jobs/companies/CARIAD
Flow Traders,"Financial Services, Financial Technology, Liquidity provider",Amsterdam; New York; Cluj-Napoca,https://stackoverflow.com/jobs/companies/Flow Traders
Zattoo,"Broadcast, IPTV, Software Development / Engineering",Zürich; Berlin; Ann Arbor,https://stackoverflow.com/jobs/companies/Zattoo
Ströer Online Marketing,"B2B, Content Marketing, Online Media",Stuttgart; Köln; Hamburg,https://stackoverflow.com/jobs/companies/Ströer Online Marketing
German Edge Cloud GmbH & Co. KG,"Cloud Computing, Industrial Automation, Internet of Things",Berlin; Eschborn; Limburg an der Lahn,https://stackoverflow.com/jobs/companies/German Edge Cloud GmbH & Co. KG
Catawiki,eCommerce,Assen; Amsterdam,https://stackoverflow.com/jobs/companies/Catawiki
M&F Engineering AG,"Information Technology, Software Development / Engineering, Web Development",Weiningen,https://stackoverflow.com/jobs/companies/M&F Engineering AG
eBay,"eCommerce, Internet Marketing",Amsterdam; San Francisco; London,https://stackoverflow.com/jobs/companies/eBay
SUSE,"Cloud-Based Solutions, Computer Software, Enterprise Software",Bracknell; Hlavní město Praha; Chaoyang Qu,https://stackoverflow.com/jobs/companies/SUSE
Baker Hughes,Software Development / Engineering,Houston; Cramlington; Groby,https://stackoverflow.com/jobs/companies/Baker Hughes
Chan Zuckerberg Initiative,"Computer Software, Education Technology, Science",Redwood City,https://stackoverflow.com/jobs/companies/Chan Zuckerberg Initiative
hmmh multimediahaus AG,"Agile Software Development, E-Commerce",München; Bremen; Hamburg,https://stackoverflow.com/jobs/companies/hmmh multimediahaus AG
Captivation Software,"Agile Software Development, Consulting, Defence & Security",Baltimore; Aberdeen Proving Ground; Fort Meade,https://stackoverflow.com/jobs/companies/Captivation Software
ZEISS Group,"Machine Learning, Medical Devices, Virtual Reality",Oberkochen; Jena; Roßdorf,https://stackoverflow.com/jobs/companies/ZEISS Group
Scalable Capital GmbH,Financial Services,München; London,https://stackoverflow.com/jobs/companies/Scalable Capital GmbH
Octopus Energy,"Energy & Environment, Energy & Utilities, Green Energy",London; Melbourne; Munich,https://stackoverflow.com/jobs/companies/Octopus Energy
Motius GmbH,"Electronics, Software Development / Engineering, Web Development",München; Stuttgart; Dubai,https://stackoverflow.com/jobs/companies/Motius GmbH
Higher Logic,"Collaboration Tools, Enterprise Software",Arlington; Montreal,https://stackoverflow.com/jobs/companies/Higher Logic
Picnic,"E-Commerce, Information Technology, Logistics and Supply Chain",Düsseldorf; Amsterdam,https://stackoverflow.com/jobs/companies/Picnic
Ambient,"Agile Software Development, Software Development, Web Development",Köln,https://stackoverflow.com/jobs/companies/Ambient
Peek & Cloppenburg KG Düsseldorf,"Fashion, Retail",Düsseldorf,https://stackoverflow.com/jobs/companies/Peek & Cloppenburg KG Düsseldorf
Copado Strategic Services,"Cybersecurity, DevOps, Internet Infrastructure",San Francisco,https://stackoverflow.com/jobs/companies/Copado Strategic Services
HeidelbergCement AG,"Construction, Information Technology, Software Development / Engineering",Heidelberg; Brno-jih,https://stackoverflow.com/jobs/companies/HeidelbergCement AG
alfaview GmbH,"Education, Education Technology, Video Streaming",Karlsruhe; Thessaloniki; Troisdorf,https://stackoverflow.com/jobs/companies/alfaview GmbH
Deloitte Deutschland,"Accounting, Consulting, Taxes",Frankfurt am Main; Düsseldorf; Hamburg,https://stackoverflow.com/jobs/companies/Deloitte Deutschland
IMC Trading,"Capital Markets, Financial Technology, High Frequency Trading",Amsterdam; Chicago; The Rocks,https://stackoverflow.com/jobs/companies/IMC Trading
Method Park,"Automotive, Consulting, Software & Systems Engineering",Erlangen; München; Hamburg,https://stackoverflow.com/jobs/companies/Method Park
HolidayCheck Group AG,"Information Technology, Tourism, Travel & Tourism",Poznań; Bottighofen; Munich,https://stackoverflow.com/jobs/companies/HolidayCheck Group AG
Zenjob,"HR tech, Information Technology",Berlin,https://stackoverflow.com/jobs/companies/Zenjob
NOVOMATIC AG,"Electronics, Gambling, Gaming",Gumpoldskirchen,https://stackoverflow.com/jobs/companies/NOVOMATIC AG
StyleSeat,"Beauty, Health & Fitness, Marketplace",San Francisco,https://stackoverflow.com/jobs/companies/StyleSeat
Topic Embedded Systems B.V.,"Firmware Development, Hardware Development, Software Development / Engineering",Delft; Nijmegen; Best,https://stackoverflow.com/jobs/companies/Topic Embedded Systems B.V.
objective partner AG,"Agile Software Development, IT Consulting, Software Consulting",Weinheim; Berlin,https://stackoverflow.com/jobs/companies/objective partner AG
Greentube GmbH,"Casino, Gambling",Wien; Raaba; Birkirkara,https://stackoverflow.com/jobs/companies/Greentube GmbH
tarent solutions GmbH,"Information Technology, Mobile Development, Software Development",Berlin; Köln; Freiburg im Breisgau,https://stackoverflow.com/jobs/companies/tarent solutions GmbH
Rheinmetall,"Cybersecurity, Defence & Security, Software Development / Engineering",Bremen; Düsseldorf,https://stackoverflow.com/jobs/companies/Rheinmetall
Mimecast,"Cybersecurity, Information Technology, Software Development / Engineering",London,https://stackoverflow.com/jobs/companies/Mimecast
Accenture Romania,"Industrial Automation, Information Technology, Software Development / Engineering",Cluj-Napoca; Timișoara; Târgu Mureș,https://stackoverflow.com/jobs/companies/Accenture Romania
Derivco.,"Computer Software, Information Technology, Software Development",Umhlanga; Cape Town; Pretoria,https://stackoverflow.com/jobs/companies/Derivco.
X-Team,Software Development,No office location,https://stackoverflow.com/jobs/companies/X-Team
Esri,"Geographic Information System, GIS, Software Development",Zürich; Vienna; New Delhi,https://stackoverflow.com/jobs/companies/Esri
SBAB Bank,Banking,Solna; Stockholm; Karlstad,https://stackoverflow.com/jobs/companies/SBAB Bank
MUFG,"Banking, Financial Services, Financial Technology",Phoenix; Charlotte; Dallas,https://stackoverflow.com/jobs/companies/MUFG
ByteDance,Information Technology,Singapore,https://stackoverflow.com/jobs/companies/ByteDance
ING Deutschland,"Banking, Finance, Financial Technology",Frankfurt am Main; Nürnberg,https://stackoverflow.com/jobs/companies/ING Deutschland
DEVK Versicherungen,Insurance,Köln,https://stackoverflow.com/jobs/companies/DEVK Versicherungen
Intel Corporation,"Cloud Computing, Consumer Electronics, Software Development / Engineering",Nizhny Novgorod; Moscow; Mumbai,https://stackoverflow.com/jobs/companies/Intel Corporation
Y42,"Data & Analytics, Databases, Information Technology",Ho Chi Minh City; Berlin; Albania,https://stackoverflow.com/jobs/companies/Y42
BI X GmbH,"Digital Health, Healthcare, Research Pharmacy",Ingelheim am Rhein,https://stackoverflow.com/jobs/companies/BI X GmbH
Quantcast,"Artificial Intelligence, Big Data, Machine Learning",San Francisco; London,https://stackoverflow.com/jobs/companies/Quantcast
Assurance,"Financial Services, Insurance",Toronto; Seattle; Fort Lauderdale,https://stackoverflow.com/jobs/companies/Assurance
"Horizon Media Holdings, Inc","Ad Tech, Data & Analytics, Marketing",New York; Toronto; Los Angeles,"https://stackoverflow.com/jobs/companies/Horizon Media Holdings, Inc"
ZIEGERT Real Estate,"Platforms, Real Estate, Virtual Reality",Berlin,https://stackoverflow.com/jobs/companies/ZIEGERT Real Estate
AllTrails,Health & Fitness,San Francisco,https://stackoverflow.com/jobs/companies/AllTrails
Channable,"E-Commerce, Internet Marketing, Online Advertising",Utrecht,https://stackoverflow.com/jobs/companies/Channable
Udemy,"Education Technology, SaaS",Mountain View; Austin; Denver,https://stackoverflow.com/jobs/companies/Udemy
Thermo Fisher Scientific Careers,"Biotechnology, Pharmaceuticals, Science",Hyderabad; Budapest; Austin,https://stackoverflow.com/jobs/companies/Thermo Fisher Scientific Careers
Fullscript,"Computer Software, eCommerce, Health Care",Ottawa; Scottsdale,https://stackoverflow.com/jobs/companies/Fullscript
Mayo Clinic,"Digital Health, Healthcare",Rochester,https://stackoverflow.com/jobs/companies/Mayo Clinic
Proofpoint,Cybersecurity,Toronto; Indianapolis; Belfast,https://stackoverflow.com/jobs/companies/Proofpoint
So Energy,Energy & Utilities,London,https://stackoverflow.com/jobs/companies/So Energy
Geotab,"Internet of Things, Software Development / Engineering, Telematics",No office location,https://stackoverflow.com/jobs/companies/Geotab
Enveil,"Business to Business, Security Software",Fulton,https://stackoverflow.com/jobs/companies/Enveil
The Home Depot,"Retail, Technical Services, Web Technology",No office location,https://stackoverflow.com/jobs/companies/The Home Depot
Self Decode,"Bioinformatics, Computer Software, Digital Health",No office location,https://stackoverflow.com/jobs/companies/Self Decode
Yoco,Financial Technology,Cape Town; Amsterdam; Johannesburg,https://stackoverflow.com/jobs/companies/Yoco
Andela,"Agile Software Development, Software Development / Engineering, Technology Staffing",No office location,https://stackoverflow.com/jobs/companies/Andela
MBition (Mercedes Benz AG),"Agile Software Development, Automotive",Berlin,https://stackoverflow.com/jobs/companies/MBition (Mercedes Benz AG)
Dell Technologies,"Hardware Engineering, Software Development / Engineering, Telecommunications",Seattle; Round Rock; Hopkinton,https://stackoverflow.com/jobs/companies/Dell Technologies
CGI Suomi,"IT Consulting, Software Consulting, Technology Consulting",Lappeenranta; Joensuu; Tammerfors,https://stackoverflow.com/jobs/companies/CGI Suomi
Electrolux,"B2C, Consumer Electronics, Internet of Things",Charlotte; São Paulo; Kraków,https://stackoverflow.com/jobs/companies/Electrolux
LINE Fukuoka,Information Technology,No office location,https://stackoverflow.com/jobs/companies/LINE Fukuoka
Adference GmbH,"E-Commerce, Online Advertising, SaaS",Lüneburg,https://stackoverflow.com/jobs/companies/Adference GmbH
Canonical,"Cloud Computing, Information Technology, Internet of Things",Taipei City; London; Montreal,https://stackoverflow.com/jobs/companies/Canonical
Discovery Direct-to-Consumer (Discovery Inc.),"Broadcast, Digital Media, Digital Video Distribution",Knoxville; Sterling; New York,https://stackoverflow.com/jobs/companies/Discovery Direct-to-Consumer (Discovery Inc.)
Vodafone,"Information Technology, Software Development, Software Development / Engineering",London; Düsseldorf,https://stackoverflow.com/jobs/companies/Vodafone
SpotMe,"Enterprise Software, SaaS, Virtual Events",Sofia; Lausanne,https://stackoverflow.com/jobs/companies/SpotMe
ASML,"Hardware Development, Semiconductors, Software Development / Engineering",Chandler; Veldhoven; East District,https://stackoverflow.com/jobs/companies/ASML
AVM GmbH,"Communications, Software Development",Berlin,https://stackoverflow.com/jobs/companies/AVM GmbH
Flip App,"Agile Software Development, Messaging, Mobile Application",Stuttgart,https://stackoverflow.com/jobs/companies/Flip App
Lufthansa Industry Solutions,IT Consulting,Wolfsburg; Wetzlar; Stuttgart,https://stackoverflow.com/jobs/companies/Lufthansa Industry Solutions
Acrolinx,"Enterprise Software, Language Services, Software Development / Engineering",Berlin,https://stackoverflow.com/jobs/companies/Acrolinx
Capital Group,"Financial Services, Financial Technology",San Antonio; Irvine; Los Angeles,https://stackoverflow.com/jobs/companies/Capital Group
BAE Systems Digital Intelligence,"Cybersecurity, Defence & Security",Manchester; Brockworth; Leeds,https://stackoverflow.com/jobs/companies/BAE Systems Digital Intelligence
Adevinta,Information Technology,Barcelona; Paris,https://stackoverflow.com/jobs/companies/Adevinta
Novo Nordisk A/S,Pharmaceuticals,Denmark,https://stackoverflow.com/jobs/companies/Novo Nordisk A/S
PHOENIX CONTACT GmbH & Co. KG,"Automotive, Electronics, Information Technology",Blomberg,https://stackoverflow.com/jobs/companies/PHOENIX CONTACT GmbH & Co. KG
LinkedIn,"Advertising, Online Education, Social Networking",Beijing; New York; Sunnyvale,https://stackoverflow.com/jobs/companies/LinkedIn
MOIA GmbH,"Automotive, Mobility Services, ridesharing",Berlin; Hamburg,https://stackoverflow.com/jobs/companies/MOIA GmbH
Zühlke Engineering GmbH,"Agile Software Development, Enterprise Software, Software Development / Engineering",Eschborn; München; Stuttgart,https://stackoverflow.com/jobs/companies/Zühlke Engineering GmbH
CREDIT SUISSE AG,"Banking, Financial Services, Financial Technology",London; Zürich; Navi Mumbai,https://stackoverflow.com/jobs/companies/CREDIT SUISSE AG
Vertica,"Big Data, Enterprise Software, Information Technology",Cambridge; Pittsburgh,https://stackoverflow.com/jobs/companies/Vertica
JPMorgan Chase & Co.,Financial Services,Buenos Aires; Herzliya; Bengaluru,https://stackoverflow.com/jobs/companies/JPMorgan Chase & Co.
Pentalog,"Agile Software Development, Digital Marketing, IT Recruitment",Paris; Brooklyn; Zapopan,https://stackoverflow.com/jobs/companies/Pentalog
Tech opportunities in Singapore,Information Technology,No office location,https://stackoverflow.com/jobs/companies/Tech opportunities in Singapore
Amazon Web Services (AWS),"Cloud Computing, Cloud Services, Cloud-Based Solutions",No office location,https://stackoverflow.com/jobs/companies/Amazon Web Services (AWS)
Zuhlke Engineering Ltd,"Consulting, Software Development / Engineering",Manchester; Edinburgh; London,https://stackoverflow.com/jobs/companies/Zuhlke Engineering Ltd
funda,"eCommerce, Information Technology",Amsterdam,https://stackoverflow.com/jobs/companies/funda
Delivery Hero SE,"eCommerce, Food & Beverage, Logistics & Distribution",Berlin,https://stackoverflow.com/jobs/companies/Delivery Hero SE
Apple,Consumer Electronics,Cupertino; Austin; Haifa,https://stackoverflow.com/jobs/companies/Apple
"DICK'S Sporting Goods, Inc.",Retail,No office location,"https://stackoverflow.com/jobs/companies/DICK'S Sporting Goods, Inc."
Zuhlke Engineering EOOD,"Agile Software Development, Computer Software",Sofia,https://stackoverflow.com/jobs/companies/Zuhlke Engineering EOOD
Ford Motor Company,"Automotive, Transportation",Dearborn; Palo Alto; Detroit,https://stackoverflow.com/jobs/companies/Ford Motor Company
Abbott,Healthcare,California; Orlando; Bend,https://stackoverflow.com/jobs/companies/Abbott
BCG Platinion,"Architecture, Design, Software Development / Engineering",Berlin; Köln,https://stackoverflow.com/jobs/companies/BCG Platinion
Luxoft,IT Consulting,Wrocław; Gdańsk; Torino,https://stackoverflow.com/jobs/companies/Luxoft
eDreams ODIGEO,"eCommerce, Information Technology, Online Travel",Madrid; Barcelona; Milano,https://stackoverflow.com/jobs/companies/eDreams ODIGEO
Choose Your Challenge - Data Careers at Boehringer Ingelheim,"Bioinformatics, Data Science, Pharmaceuticals",Biberach an der Riß; Wien; Ingelheim am Rhein,https://stackoverflow.com/jobs/companies/Choose Your Challenge - Data Careers at Boehringer Ingelheim
3M Health Information Systems and The Digital Science Community,"Digital Health, Enterprise Software, Software Development / Engineering",Albany; Silver Spring; Pittsburgh,https://stackoverflow.com/jobs/companies/3M Health Information Systems and The Digital Science Community
PayPay Corporation.,Financial Technology,No office location,https://stackoverflow.com/jobs/companies/PayPay Corporation.
Bolinda Labs GmbH,"Digital Media, Product Development, Software Development / Engineering",Darmstadt; Tullamarine; Newbury,https://stackoverflow.com/jobs/companies/Bolinda Labs GmbH
Fidelity Investments,"Finance, Financial Services, Financial Technology",Westlake; Salt Lake City; Durham,https://stackoverflow.com/jobs/companies/Fidelity Investments
G DATA CyberDefense AG,"Cybersecurity, IT Security",Bochum,https://stackoverflow.com/jobs/companies/G DATA CyberDefense AG
BAUHAUS AG,"E-Commerce, Retail",Mannheim,https://stackoverflow.com/jobs/companies/BAUHAUS AG
Northwestern Mutual,"Financial Services, Financial Technology",Milwaukee; New York,https://stackoverflow.com/jobs/companies/Northwestern Mutual
Government Digital Service (GDS),"Government, Information Technology, Public Services",London,https://stackoverflow.com/jobs/companies/Government Digital Service (GDS)
Zühlke Engineering AG,"Data Science, IT Security, Software Development / Engineering",Bern; Schlieren,https://stackoverflow.com/jobs/companies/Zühlke Engineering AG
Audible,"Agile Software Development, Content Marketing, Web Technology",Newark; Cambridge; Seattle,https://stackoverflow.com/jobs/companies/Audible
Bloomberg LP,"Data & Analytics, Financial Technology, News",New York; Princeton; London,https://stackoverflow.com/jobs/companies/Bloomberg LP
Commonweath Bank,"Banking, Financial Services, Financial Technology",Sydney; Eveleigh,https://stackoverflow.com/jobs/companies/Commonweath Bank
Sandia National Laboratories,"Cybersecurity, Energy & Environment, Science",Livermore; Albuquerque,https://stackoverflow.com/jobs/companies/Sandia National Laboratories
Caterpillar Inc.,"Internet of Things, Manufacturing, Software Development / Engineering",Chicago; Peoria; Bengaluru,https://stackoverflow.com/jobs/companies/Caterpillar Inc.
BASF,"AI Research, Data & Analytics, Industrial Automation",Ludwigshafen am Rhein; Schwarzheide; Berlin,https://stackoverflow.com/jobs/companies/BASF
Nets Group,"Financial Services, Financial Technology, Payment Network",Oslo; Helsingfors; Ballerup,https://stackoverflow.com/jobs/companies/Nets Group
DraftKings,"Marketplace, Software Development, Sports Technology",Boston; Las Vegas; Sofia,https://stackoverflow.com/jobs/companies/DraftKings
Docler Holding,"Digital Media, Online Media, Video Streaming",Luxembourg,https://stackoverflow.com/jobs/companies/Docler Holding
If P&C Insurance,"Finance, Financial Services, Insurance",Mölndal; Hvidovre; Espoo,https://stackoverflow.com/jobs/companies/If P&C Insurance
PAYBACK,"Bonusprogramm, Product Development, Software Development",München; Wien; Köln,https://stackoverflow.com/jobs/companies/PAYBACK
PwC,"Consulting, Product Development, Technology Consulting",New York,https://stackoverflow.com/jobs/companies/PwC
